{
  "greeting": "Chào",
  "name": "Bé Thanh xinh đẹp",
  "greetingText": "Nói gì bây giờ nhỉ.",
  "wishText": ";)",
  "imagePath": "img/kyniem.jpg",
  "text1": "Bé có biết không !!! :D",
  "textInChatBox": "Chúng mình có những kỉ niệm gì....",
  "sendButtonLabel": "Send",
  "text2": "Chúng mình đã nhắn với nhau 16250 tin nhắn",
  "text3": "888 giờ nhắn cho nhau",
  "text4": "và sẽ không bao giờ dừng lại bé",
  "text4Adjective": "nhé",
  "text5Entry": "Và đương nhiên rùii,",
  "text5Content": "Anh sẽ luôn bên cạnh bé mãi mãi",
  "smiley": ":)",
  "bigTextPart1": "S",
  "bigTextPart2": "O",
  "wishHeading": "bé có nhớ ngày chúng mình lần đầu nhắn tin là bao giờ không là đây neeè",
  "outroText": "bé thấy sao có thú vị k .",
  "replayText": "Ấn vào đây để xem tiếp nhé bé =)).",
  "outroSmiley": ":)"
}